epoch,GRU-HN_loss,GRU-HN_log_likelihood,LSTM-HN_loss,LSTM-HN_log_likelihood
0.000000,7645.367676,-7645.367676,5173.854980,-5173.854980
1.000000,7628.001465,-7628.001465,5152.278809,-5152.278809
2.000000,7610.695312,-7610.695312,5130.746094,-5130.746094
3.000000,7593.450195,-7593.450195,5109.258301,-5109.258301
4.000000,7576.266113,-7576.266113,5087.811523,-5087.811523
5.000000,7559.140625,-7559.140625,5066.410156,-5066.410156
6.000000,7542.075684,-7542.075684,5045.050781,-5045.050781
7.000000,7525.071289,-7525.071289,5023.734375,-5023.734375
8.000000,7508.125977,-7508.125977,5002.459961,-5002.459961
9.000000,7491.240234,-7491.240234,4981.228516,-4981.228516
10.000000,7474.413574,-7474.413574,4960.038086,-4960.038086
11.000000,7457.646484,-7457.646484,4938.890625,-4938.890625
12.000000,7440.937988,-7440.937988,4917.785156,-4917.785156
13.000000,7424.287109,-7424.287109,4896.721680,-4896.721680
14.000000,7407.696289,-7407.696289,4875.698242,-4875.698242
15.000000,7391.163574,-7391.163574,4854.716309,-4854.716309
16.000000,7374.687500,-7374.687500,4833.775391,-4833.775391
17.000000,7358.271484,-7358.271484,4812.875000,-4812.875000
18.000000,7341.913086,-7341.913086,4792.015137,-4792.015137
19.000000,7325.611816,-7325.611816,4771.196289,-4771.196289
20.000000,7309.369141,-7309.369141,4750.416992,-4750.416992
21.000000,7293.183594,-7293.183594,4729.678223,-4729.678223
22.000000,7277.056152,-7277.056152,4708.979004,-4708.979004
23.000000,7260.984863,-7260.984863,4688.319336,-4688.319336
24.000000,7244.971191,-7244.971191,4667.699707,-4667.699707
25.000000,7229.014160,-7229.014160,4647.120117,-4647.120117
26.000000,7213.113281,-7213.113281,4626.578125,-4626.578125
27.000000,7197.270508,-7197.270508,4606.077148,-4606.077148
28.000000,7181.482422,-7181.482422,4585.614258,-4585.614258
29.000000,7165.751953,-7165.751953,4565.190918,-4565.190918
30.000000,7150.078125,-7150.078125,4544.806152,-4544.806152
31.000000,7134.459473,-7134.459473,4524.459961,-4524.459961
32.000000,7118.896484,-7118.896484,4504.153320,-4504.153320
33.000000,7103.390137,-7103.390137,4483.885254,-4483.885254
34.000000,7087.940430,-7087.940430,4463.654785,-4463.654785
35.000000,7072.545410,-7072.545410,4443.462891,-4443.462891
36.000000,7057.206055,-7057.206055,4423.308594,-4423.308594
37.000000,7041.920898,-7041.920898,4403.194336,-4403.194336
38.000000,7026.691406,-7026.691406,4383.116699,-4383.116699
39.000000,7011.517578,-7011.517578,4363.078125,-4363.078125
40.000000,6996.398926,-6996.398926,4343.076660,-4343.076660
41.000000,6981.335449,-6981.335449,4323.113281,-4323.113281
42.000000,6966.326172,-6966.326172,4303.188477,-4303.188477
43.000000,6951.371094,-6951.371094,4283.300293,-4283.300293
44.000000,6936.469727,-6936.469727,4263.450684,-4263.450684
45.000000,6921.623535,-6921.623535,4243.637695,-4243.637695
46.000000,6906.832031,-6906.832031,4223.863281,-4223.863281
47.000000,6892.094238,-6892.094238,4204.126953,-4204.126953
48.000000,6877.410645,-6877.410645,4184.426758,-4184.426758
49.000000,6862.779785,-6862.779785,4164.764160,-4164.764160
50.000000,6848.204102,-6848.204102,4145.139648,-4145.139648
51.000000,6833.682129,-6833.682129,4125.551758,-4125.551758
52.000000,6819.211914,-6819.211914,4106.002930,-4106.002930
53.000000,6804.796875,-6804.796875,4086.489258,-4086.489258
54.000000,6790.432617,-6790.432617,4067.015137,-4067.015137
55.000000,6776.124023,-6776.124023,4047.576660,-4047.576660
56.000000,6761.867188,-6761.867188,4028.175293,-4028.175293
57.000000,6747.663086,-6747.663086,4008.811523,-4008.811523
58.000000,6733.511230,-6733.511230,3989.485107,-3989.485107
59.000000,6719.413086,-6719.413086,3970.195801,-3970.195801
60.000000,6705.365723,-6705.365723,3950.942871,-3950.942871
61.000000,6691.372070,-6691.372070,3931.727783,-3931.727783
62.000000,6677.429688,-6677.429688,3912.549316,-3912.549316
63.000000,6663.540039,-6663.540039,3893.407471,-3893.407471
64.000000,6649.702148,-6649.702148,3874.302979,-3874.302979
65.000000,6635.916504,-6635.916504,3855.235840,-3855.235840
66.000000,6622.181641,-6622.181641,3836.205078,-3836.205078
67.000000,6608.498047,-6608.498047,3817.211426,-3817.211426
68.000000,6594.866699,-6594.866699,3798.255371,-3798.255371
69.000000,6581.286133,-6581.286133,3779.334961,-3779.334961
70.000000,6567.755859,-6567.755859,3760.452393,-3760.452393
71.000000,6554.277832,-6554.277832,3741.605957,-3741.605957
72.000000,6540.848633,-6540.848633,3722.796631,-3722.796631
73.000000,6527.471680,-6527.471680,3704.023682,-3704.023682
74.000000,6514.144531,-6514.144531,3685.288574,-3685.288574
75.000000,6500.869141,-6500.869141,3666.589600,-3666.589600
76.000000,6487.643066,-6487.643066,3647.927490,-3647.927490
77.000000,6474.466309,-6474.466309,3629.302734,-3629.302734
78.000000,6461.340820,-6461.340820,3610.714355,-3610.714355
79.000000,6448.264648,-6448.264648,3592.162598,-3592.162598
80.000000,6435.238281,-6435.238281,3573.647461,-3573.647461
81.000000,6422.260742,-6422.260742,3555.168945,-3555.168945
82.000000,6409.333008,-6409.333008,3536.727783,-3536.727783
83.000000,6396.454102,-6396.454102,3518.322754,-3518.322754
84.000000,6383.625000,-6383.625000,3499.954834,-3499.954834
85.000000,6370.844727,-6370.844727,3481.623291,-3481.623291
86.000000,6358.113281,-6358.113281,3463.329102,-3463.329102
87.000000,6345.430664,-6345.430664,3445.071289,-3445.071289
88.000000,6332.796875,-6332.796875,3426.850586,-3426.850586
89.000000,6320.210938,-6320.210938,3408.665771,-3408.665771
90.000000,6307.671875,-6307.671875,3390.518555,-3390.518555
91.000000,6295.182617,-6295.182617,3372.407471,-3372.407471
92.000000,6282.741211,-6282.741211,3354.333008,-3354.333008
93.000000,6270.346680,-6270.346680,3336.296143,-3336.296143
94.000000,6258.000977,-6258.000977,3318.295410,-3318.295410
95.000000,6245.702148,-6245.702148,3300.332031,-3300.332031
96.000000,6233.450684,-6233.450684,3282.404297,-3282.404297
97.000000,6221.247070,-6221.247070,3264.512695,-3264.512695
98.000000,6209.089355,-6209.089355,3246.658691,-3246.658691
99.000000,6196.979492,-6196.979492,3228.841797,-3228.841797
100.000000,6184.916992,-6184.916992,3211.061523,-3211.061523
101.000000,6172.900391,-6172.900391,3193.316895,-3193.316895
102.000000,6160.929688,-6160.929688,3175.610352,-3175.610352
103.000000,6149.005859,-6149.005859,3157.939941,-3157.939941
104.000000,6137.127441,-6137.127441,3140.305664,-3140.305664
105.000000,6125.296875,-6125.296875,3122.708496,-3122.708496
106.000000,6113.511719,-6113.511719,3105.148438,-3105.148438
107.000000,6101.772461,-6101.772461,3087.625000,-3087.625000
108.000000,6090.078613,-6090.078613,3070.138672,-3070.138672
109.000000,6078.429688,-6078.429688,3052.687500,-3052.687500
110.000000,6066.827148,-6066.827148,3035.274414,-3035.274414
111.000000,6055.269043,-6055.269043,3017.897705,-3017.897705
112.000000,6043.756348,-6043.756348,3000.557373,-3000.557373
113.000000,6032.288086,-6032.288086,2983.253906,-2983.253906
114.000000,6020.865234,-6020.865234,2965.987305,-2965.987305
115.000000,6009.486328,-6009.486328,2948.757080,-2948.757080
116.000000,5998.152344,-5998.152344,2931.563965,-2931.563965
117.000000,5986.862305,-5986.862305,2914.407715,-2914.407715
118.000000,5975.616211,-5975.616211,2897.287598,-2897.287598
119.000000,5964.415039,-5964.415039,2880.204590,-2880.204590
120.000000,5953.256348,-5953.256348,2863.158936,-2863.158936
121.000000,5942.142578,-5942.142578,2846.148926,-2846.148926
122.000000,5931.072266,-5931.072266,2829.176025,-2829.176025
123.000000,5920.044434,-5920.044434,2812.239746,-2812.239746
124.000000,5909.060547,-5909.060547,2795.340576,-2795.340576
125.000000,5898.120117,-5898.120117,2778.478027,-2778.478027
126.000000,5887.222168,-5887.222168,2761.652344,-2761.652344
127.000000,5876.366211,-5876.366211,2744.862305,-2744.862305
128.000000,5865.552734,-5865.552734,2728.110352,-2728.110352
129.000000,5854.783203,-5854.783203,2711.394775,-2711.394775
130.000000,5844.055664,-5844.055664,2694.716064,-2694.716064
131.000000,5833.369141,-5833.369141,2678.074219,-2678.074219
132.000000,5822.724609,-5822.724609,2661.468262,-2661.468262
133.000000,5812.123047,-5812.123047,2644.898926,-2644.898926
134.000000,5801.562012,-5801.562012,2628.366943,-2628.366943
135.000000,5791.041992,-5791.041992,2611.871338,-2611.871338
136.000000,5780.563477,-5780.563477,2595.412842,-2595.412842
137.000000,5770.126465,-5770.126465,2578.991211,-2578.991211
138.000000,5759.729492,-5759.729492,2562.606445,-2562.606445
139.000000,5749.374023,-5749.374023,2546.257812,-2546.257812
140.000000,5739.058594,-5739.058594,2529.946289,-2529.946289
141.000000,5728.784180,-5728.784180,2513.670898,-2513.670898
142.000000,5718.548828,-5718.548828,2497.432861,-2497.432861
143.000000,5708.353516,-5708.353516,2481.230713,-2481.230713
144.000000,5698.198242,-5698.198242,2465.066162,-2465.066162
145.000000,5688.082520,-5688.082520,2448.937988,-2448.937988
146.000000,5678.005859,-5678.005859,2432.846191,-2432.846191
147.000000,5667.967285,-5667.967285,2416.791748,-2416.791748
148.000000,5657.968750,-5657.968750,2400.773926,-2400.773926
149.000000,5648.008301,-5648.008301,2384.792480,-2384.792480
150.000000,5638.086914,-5638.086914,2368.847168,-2368.847168
151.000000,5628.203125,-5628.203125,2352.938965,-2352.938965
152.000000,5618.356445,-5618.356445,2337.067383,-2337.067383
153.000000,5608.548340,-5608.548340,2321.232422,-2321.232422
154.000000,5598.777344,-5598.777344,2305.433594,-2305.433594
155.000000,5589.043457,-5589.043457,2289.671631,-2289.671631
156.000000,5579.347656,-5579.347656,2273.946289,-2273.946289
157.000000,5569.687500,-5569.687500,2258.258301,-2258.258301
158.000000,5560.064453,-5560.064453,2242.605957,-2242.605957
159.000000,5550.477051,-5550.477051,2226.990234,-2226.990234
160.000000,5540.925781,-5540.925781,2211.411133,-2211.411133
161.000000,5531.411133,-5531.411133,2195.868652,-2195.868652
162.000000,5521.930664,-5521.930664,2180.361816,-2180.361816
163.000000,5512.485352,-5512.485352,2164.892090,-2164.892090
164.000000,5503.075195,-5503.075195,2149.458984,-2149.458984
165.000000,5493.699219,-5493.699219,2134.061523,-2134.061523
166.000000,5484.358398,-5484.358398,2118.701172,-2118.701172
167.000000,5475.050781,-5475.050781,2103.377686,-2103.377686
168.000000,5465.777344,-5465.777344,2088.089844,-2088.089844
169.000000,5456.537109,-5456.537109,2072.838379,-2072.838379
170.000000,5447.330566,-5447.330566,2057.622559,-2057.622559
171.000000,5438.155762,-5438.155762,2042.443604,-2042.443604
172.000000,5429.012695,-5429.012695,2027.301270,-2027.301270
173.000000,5419.903320,-5419.903320,2012.194336,-2012.194336
174.000000,5410.825195,-5410.825195,1997.124268,-1997.124268
175.000000,5401.778320,-5401.778320,1982.089600,-1982.089600
176.000000,5392.761719,-5392.761719,1967.091797,-1967.091797
177.000000,5383.777344,-5383.777344,1952.129883,-1952.129883
178.000000,5374.822266,-5374.822266,1937.204102,-1937.204102
179.000000,5365.897461,-5365.897461,1922.314087,-1922.314087
180.000000,5357.002930,-5357.002930,1907.460327,-1907.460327
181.000000,5348.136719,-5348.136719,1892.642090,-1892.642090
182.000000,5339.299805,-5339.299805,1877.860107,-1877.860107
183.000000,5330.491211,-5330.491211,1863.113281,-1863.113281
184.000000,5321.710938,-5321.710938,1848.403564,-1848.403564
185.000000,5312.957520,-5312.957520,1833.728271,-1833.728271
186.000000,5304.232422,-5304.232422,1819.089355,-1819.089355
187.000000,5295.534180,-5295.534180,1804.486328,-1804.486328
188.000000,5286.862793,-5286.862793,1789.918579,-1789.918579
189.000000,5278.217285,-5278.217285,1775.386719,-1775.386719
190.000000,5269.596680,-5269.596680,1760.890137,-1760.890137
191.000000,5261.002930,-5261.002930,1746.429321,-1746.429321
192.000000,5252.432129,-5252.432129,1732.003662,-1732.003662
193.000000,5243.886719,-5243.886719,1717.613403,-1717.613403
194.000000,5235.365234,-5235.365234,1703.258789,-1703.258789
195.000000,5226.866211,-5226.866211,1688.939209,-1688.939209
196.000000,5218.391602,-5218.391602,1674.654785,-1674.654785
197.000000,5209.938965,-5209.938965,1660.406372,-1660.406372
198.000000,5201.508789,-5201.508789,1646.192139,-1646.192139
199.000000,5193.100586,-5193.100586,1632.013306,-1632.013306
200.000000,5184.712402,-5184.712402,1617.869629,-1617.869629
201.000000,5176.345215,-5176.345215,1603.761108,-1603.761108
202.000000,5167.999023,-5167.999023,1589.686768,-1589.686768
203.000000,5159.671387,-5159.671387,1575.647949,-1575.647949
204.000000,5151.365234,-5151.365234,1561.643555,-1561.643555
205.000000,5143.076172,-5143.076172,1547.674072,-1547.674072
206.000000,5134.804688,-5134.804688,1533.739014,-1533.739014
207.000000,5126.551758,-5126.551758,1519.838989,-1519.838989
208.000000,5118.316406,-5118.316406,1505.973022,-1505.973022
209.000000,5110.097656,-5110.097656,1492.141846,-1492.141846
210.000000,5101.895508,-5101.895508,1478.344238,-1478.344238
211.000000,5093.709961,-5093.709961,1464.581665,-1464.581665
212.000000,5085.538574,-5085.538574,1450.853271,-1450.853271
213.000000,5077.382812,-5077.382812,1437.158813,-1437.158813
214.000000,5069.242188,-5069.242188,1423.498291,-1423.498291
215.000000,5061.114258,-5061.114258,1409.872192,-1409.872192
216.000000,5053.000977,-5053.000977,1396.279419,-1396.279419
217.000000,5044.900879,-5044.900879,1382.720947,-1382.720947
218.000000,5036.813477,-5036.813477,1369.196167,-1369.196167
219.000000,5028.738281,-5028.738281,1355.705078,-1355.705078
220.000000,5020.674316,-5020.674316,1342.247437,-1342.247437
221.000000,5012.623047,-5012.623047,1328.823608,-1328.823608
222.000000,5004.581055,-5004.581055,1315.433105,-1315.433105
223.000000,4996.549805,-4996.549805,1302.075928,-1302.075928
224.000000,4988.529785,-4988.529785,1288.752686,-1288.752686
225.000000,4980.518555,-4980.518555,1275.461914,-1275.461914
226.000000,4972.516602,-4972.516602,1262.203857,-1262.203857
227.000000,4964.524414,-4964.524414,1248.979370,-1248.979370
228.000000,4956.541016,-4956.541016,1235.787720,-1235.787720
229.000000,4948.566406,-4948.566406,1222.629150,-1222.629150
230.000000,4940.600586,-4940.600586,1209.503418,-1209.503418
231.000000,4932.642578,-4932.642578,1196.409912,-1196.409912
232.000000,4924.692871,-4924.692871,1183.349121,-1183.349121
233.000000,4916.750000,-4916.750000,1170.320679,-1170.320679
234.000000,4908.815430,-4908.815430,1157.324707,-1157.324707
235.000000,4900.886230,-4900.886230,1144.360840,-1144.360840
236.000000,4892.962891,-4892.962891,1131.429565,-1131.429565
237.000000,4885.044922,-4885.044922,1118.530273,-1118.530273
238.000000,4877.131836,-4877.131836,1105.663330,-1105.663330
239.000000,4869.223633,-4869.223633,1092.827881,-1092.827881
240.000000,4861.318848,-4861.318848,1080.024536,-1080.024536
241.000000,4853.418457,-4853.418457,1067.252441,-1067.252441
242.000000,4845.520996,-4845.520996,1054.512573,-1054.512573
243.000000,4837.627930,-4837.627930,1041.803711,-1041.803711
244.000000,4829.737305,-4829.737305,1029.126465,-1029.126465
245.000000,4821.849121,-4821.849121,1016.480286,-1016.480286
246.000000,4813.964844,-4813.964844,1003.865601,-1003.865601
247.000000,4806.083008,-4806.083008,991.281860,-991.281860
248.000000,4798.202637,-4798.202637,978.729004,-978.729004
249.000000,4790.325195,-4790.325195,966.207031,-966.207031
250.000000,4782.449219,-4782.449219,953.715698,-953.715698
251.000000,4774.575195,-4774.575195,941.255127,-941.255127
252.000000,4766.703125,-4766.703125,928.825073,-928.825073
253.000000,4758.831543,-4758.831543,916.425293,-916.425293
254.000000,4750.960938,-4750.960938,904.055908,-904.055908
255.000000,4743.091797,-4743.091797,891.716675,-891.716675
256.000000,4735.222656,-4735.222656,879.407959,-879.407959
257.000000,4727.354492,-4727.354492,867.128967,-867.128967
258.000000,4719.485352,-4719.485352,854.879883,-854.879883
259.000000,4711.617188,-4711.617188,842.660461,-842.660461
260.000000,4703.749023,-4703.749023,830.470764,-830.470764
261.000000,4695.880371,-4695.880371,818.310852,-818.310852
262.000000,4688.010742,-4688.010742,806.180542,-806.180542
263.000000,4680.141113,-4680.141113,794.079224,-794.079224
264.000000,4672.270020,-4672.270020,782.006958,-782.006958
265.000000,4664.398926,-4664.398926,769.964294,-769.964294
266.000000,4656.526367,-4656.526367,757.950317,-757.950317
267.000000,4648.653320,-4648.653320,745.965454,-745.965454
268.000000,4640.778809,-4640.778809,734.009583,-734.009583
269.000000,4632.902832,-4632.902832,722.082153,-722.082153
270.000000,4625.025391,-4625.025391,710.182983,-710.182983
271.000000,4617.146973,-4617.146973,698.312866,-698.312866
272.000000,4609.266602,-4609.266602,686.470703,-686.470703
273.000000,4601.384766,-4601.384766,674.656616,-674.656616
274.000000,4593.501465,-4593.501465,662.870789,-662.870789
275.000000,4585.615723,-4585.615723,651.113464,-651.113464
276.000000,4577.728516,-4577.728516,639.383301,-639.383301
277.000000,4569.838867,-4569.838867,627.681335,-627.681335
278.000000,4561.947754,-4561.947754,616.006836,-616.006836
279.000000,4554.054688,-4554.054688,604.360046,-604.360046
280.000000,4546.159180,-4546.159180,592.740356,-592.740356
281.000000,4538.261719,-4538.261719,581.148315,-581.148315
282.000000,4530.361816,-4530.361816,569.583130,-569.583130
283.000000,4522.459473,-4522.459473,558.045166,-558.045166
284.000000,4514.555664,-4514.555664,546.534058,-546.534058
285.000000,4506.649414,-4506.649414,535.050110,-535.050110
286.000000,4498.740723,-4498.740723,523.592407,-523.592407
287.000000,4490.829102,-4490.829102,512.161560,-512.161560
288.000000,4482.915527,-4482.915527,500.757233,-500.757233
289.000000,4475.000000,-4475.000000,489.379547,-489.379547
290.000000,4467.081543,-4467.081543,478.027771,-478.027771
291.000000,4459.160645,-4459.160645,466.702332,-466.702332
292.000000,4451.236816,-4451.236816,455.402863,-455.402863
293.000000,4443.310547,-4443.310547,444.129700,-444.129700
294.000000,4435.382812,-4435.382812,432.881989,-432.881989
295.000000,4427.451172,-4427.451172,421.660095,-421.660095
296.000000,4419.517578,-4419.517578,410.463623,-410.463623
297.000000,4411.581055,-4411.581055,399.293243,-399.293243
298.000000,4403.641602,-4403.641602,388.147919,-388.147919
299.000000,4395.700195,-4395.700195,377.028015,-377.028015
300.000000,4387.754883,-4387.754883,365.932739,-365.932739
301.000000,4379.807129,-4379.807129,354.862976,-354.862976
302.000000,4371.856445,-4371.856445,343.817780,-343.817780
303.000000,4363.902832,-4363.902832,332.797668,-332.797668
304.000000,4355.946289,-4355.946289,321.802368,-321.802368
305.000000,4347.986816,-4347.986816,310.831573,-310.831573
306.000000,4340.023438,-4340.023438,299.885315,-299.885315
307.000000,4332.057617,-4332.057617,288.963562,-288.963562
308.000000,4324.087891,-4324.087891,278.066284,-278.066284
309.000000,4316.114746,-4316.114746,267.193146,-267.193146
310.000000,4308.138184,-4308.138184,256.343842,-256.343842
311.000000,4300.158203,-4300.158203,245.518402,-245.518402
312.000000,4292.174805,-4292.174805,234.717545,-234.717545
313.000000,4284.187012,-4284.187012,223.940552,-223.940552
314.000000,4276.195312,-4276.195312,213.186722,-213.186722
315.000000,4268.199219,-4268.199219,202.456726,-202.456726
316.000000,4260.199219,-4260.199219,191.750336,-191.750336
317.000000,4252.194336,-4252.194336,181.066772,-181.066772
318.000000,4244.185547,-4244.185547,170.407196,-170.407196
319.000000,4236.170898,-4236.170898,159.770630,-159.770630
320.000000,4228.152832,-4228.152832,149.156937,-149.156937
321.000000,4220.128906,-4220.128906,138.566818,-138.566818
322.000000,4212.099609,-4212.099609,127.999199,-127.999199
323.000000,4204.064453,-4204.064453,117.454407,-117.454407
324.000000,4196.023438,-4196.023438,106.932480,-106.932480
325.000000,4187.977539,-4187.977539,96.433266,-96.433266
326.000000,4179.924805,-4179.924805,85.956329,-85.956329
327.000000,4171.865723,-4171.865723,75.502525,-75.502525
328.000000,4163.799805,-4163.799805,65.070892,-65.070892
329.000000,4155.727539,-4155.727539,54.661545,-54.661545
330.000000,4147.647461,-4147.647461,44.274155,-44.274155
331.000000,4139.561035,-4139.561035,33.909092,-33.909092
332.000000,4131.466797,-4131.466797,23.566036,-23.566036
333.000000,4123.364746,-4123.364746,13.245094,-13.245094
334.000000,4115.254883,-4115.254883,2.946318,-2.946318
335.000000,4107.137207,-4107.137207,-7.331019,7.331019
336.000000,4099.010742,-4099.010742,-17.586304,17.586304
337.000000,4090.875977,-4090.875977,-27.820118,27.820118
338.000000,4082.732666,-4082.732666,-38.032772,38.032772
339.000000,4074.580078,-4074.580078,-48.223656,48.223656
340.000000,4066.419678,-4066.419678,-58.392448,58.392448
341.000000,4058.250000,-4058.250000,-68.540527,68.540527
342.000000,4050.069824,-4050.069824,-78.667282,78.667282
343.000000,4041.881104,-4041.881104,-88.772682,88.772682
344.000000,4033.682373,-4033.682373,-98.856781,98.856781
345.000000,4025.474609,-4025.474609,-108.920059,108.920059
346.000000,4017.256836,-4017.256836,-118.962128,118.962128
347.000000,4009.029297,-4009.029297,-128.983673,128.983673
348.000000,4000.791992,-4000.791992,-138.983734,138.983734
349.000000,3992.545166,-3992.545166,-148.963348,148.963348
350.000000,3984.287354,-3984.287354,-158.921692,158.921692
351.000000,3976.020508,-3976.020508,-168.860016,168.860016
352.000000,3967.743652,-3967.743652,-178.777496,178.777496
353.000000,3959.456787,-3959.456787,-188.674393,188.674393
354.000000,3951.159668,-3951.159668,-198.550934,198.550934
355.000000,3942.852783,-3942.852783,-208.406891,208.406891
356.000000,3934.535400,-3934.535400,-218.242432,218.242432
357.000000,3926.208984,-3926.208984,-228.057358,228.057358
358.000000,3917.871826,-3917.871826,-237.852203,237.852203
359.000000,3909.526367,-3909.526367,-247.626801,247.626801
360.000000,3901.169922,-3901.169922,-257.381409,257.381409
361.000000,3892.804199,-3892.804199,-267.115326,267.115326
362.000000,3884.429443,-3884.429443,-276.829529,276.829529
363.000000,3876.044922,-3876.044922,-286.523071,286.523071
364.000000,3867.651123,-3867.651123,-296.197449,296.197449
365.000000,3859.249023,-3859.249023,-305.851562,305.851562
366.000000,3850.836426,-3850.836426,-315.485657,315.485657
367.000000,3842.416504,-3842.416504,-325.100037,325.100037
368.000000,3833.987305,-3833.987305,-334.694763,334.694763
369.000000,3825.550049,-3825.550049,-344.269531,344.269531
370.000000,3817.103516,-3817.103516,-353.824646,353.824646
371.000000,3808.650146,-3808.650146,-363.360229,363.360229
372.000000,3800.188477,-3800.188477,-372.876282,372.876282
373.000000,3791.719238,-3791.719238,-382.372009,382.372009
374.000000,3783.242920,-3783.242920,-391.848999,391.848999
375.000000,3774.759277,-3774.759277,-401.305756,401.305756
376.000000,3766.268066,-3766.268066,-410.743744,410.743744
377.000000,3757.770996,-3757.770996,-420.162598,420.162598
378.000000,3749.266602,-3749.266602,-429.561829,429.561829
379.000000,3740.757080,-3740.757080,-438.941467,438.941467
380.000000,3732.240723,-3732.240723,-448.301880,448.301880
381.000000,3723.720215,-3723.720215,-457.643311,457.643311
382.000000,3715.193359,-3715.193359,-466.965668,466.965668
383.000000,3706.662354,-3706.662354,-476.269196,476.269196
384.000000,3698.126465,-3698.126465,-485.553375,485.553375
385.000000,3689.586182,-3689.586182,-494.818695,494.818695
386.000000,3681.041504,-3681.041504,-504.065033,504.065033
387.000000,3672.493652,-3672.493652,-513.292053,513.292053
388.000000,3663.941895,-3663.941895,-522.500854,522.500854
389.000000,3655.387939,-3655.387939,-531.691040,531.691040
390.000000,3646.831055,-3646.831055,-540.861572,540.861572
391.000000,3638.271973,-3638.271973,-550.014221,550.014221
392.000000,3629.710938,-3629.710938,-559.148315,559.148315
393.000000,3621.148193,-3621.148193,-568.263672,568.263672
394.000000,3612.584717,-3612.584717,-577.360352,577.360352
395.000000,3604.020020,-3604.020020,-586.438843,586.438843
396.000000,3595.454834,-3595.454834,-595.499084,595.499084
397.000000,3586.890137,-3586.890137,-604.540588,604.540588
398.000000,3578.324951,-3578.324951,-613.564331,613.564331
399.000000,3569.760254,-3569.760254,-622.569641,622.569641
400.000000,3561.197754,-3561.197754,-631.556702,631.556702
401.000000,3552.635498,-3552.635498,-640.525635,640.525635
402.000000,3544.075195,-3544.075195,-649.476562,649.476562
403.000000,3535.516602,-3535.516602,-658.409668,658.409668
404.000000,3526.960938,-3526.960938,-667.325562,667.325562
405.000000,3518.407959,-3518.407959,-676.223389,676.223389
406.000000,3509.858398,-3509.858398,-685.103638,685.103638
407.000000,3501.312256,-3501.312256,-693.966003,693.966003
408.000000,3492.770264,-3492.770264,-702.811646,702.811646
409.000000,3484.232422,-3484.232422,-711.639343,711.639343
410.000000,3475.698486,-3475.698486,-720.449463,720.449463
411.000000,3467.169922,-3467.169922,-729.242371,729.242371
412.000000,3458.646240,-3458.646240,-738.018250,738.018250
413.000000,3450.129395,-3450.129395,-746.777222,746.777222
414.000000,3441.618164,-3441.618164,-755.519043,755.519043
415.000000,3433.112549,-3433.112549,-764.243774,764.243774
416.000000,3424.613281,-3424.613281,-772.952393,772.952393
417.000000,3416.121582,-3416.121582,-781.643616,781.643616
418.000000,3407.636230,-3407.636230,-790.318665,790.318665
419.000000,3399.159180,-3399.159180,-798.976990,798.976990
420.000000,3390.689209,-3390.689209,-807.619019,807.619019
421.000000,3382.228027,-3382.228027,-816.244995,816.244995
422.000000,3373.774658,-3373.774658,-824.854309,824.854309
423.000000,3365.330078,-3365.330078,-833.447632,833.447632
424.000000,3356.893555,-3356.893555,-842.024902,842.024902
425.000000,3348.467285,-3348.467285,-850.586426,850.586426
426.000000,3340.050293,-3340.050293,-859.132324,859.132324
427.000000,3331.641846,-3331.641846,-867.661987,867.661987
428.000000,3323.245117,-3323.245117,-876.176636,876.176636
429.000000,3314.856445,-3314.856445,-884.675659,884.675659
430.000000,3306.479248,-3306.479248,-893.158997,893.158997
431.000000,3298.112549,-3298.112549,-901.627258,901.627258
432.000000,3289.756592,-3289.756592,-910.080383,910.080383
433.000000,3281.411377,-3281.411377,-918.518188,918.518188
434.000000,3273.077148,-3273.077148,-926.941406,926.941406
435.000000,3264.753662,-3264.753662,-935.349731,935.349731
436.000000,3256.442383,-3256.442383,-943.743042,943.743042
437.000000,3248.142822,-3248.142822,-952.122070,952.122070
438.000000,3239.854492,-3239.854492,-960.486267,960.486267
439.000000,3231.578125,-3231.578125,-968.836060,968.836060
440.000000,3223.313965,-3223.313965,-977.171509,977.171509
441.000000,3215.062012,-3215.062012,-985.493042,985.493042
442.000000,3206.822266,-3206.822266,-993.800598,993.800598
443.000000,3198.595459,-3198.595459,-1002.093628,1002.093628
444.000000,3190.380371,-3190.380371,-1010.373291,1010.373291
445.000000,3182.178223,-3182.178223,-1018.638794,1018.638794
446.000000,3173.988281,-3173.988281,-1026.891113,1026.891113
447.000000,3165.812012,-3165.812012,-1035.129028,1035.129028
448.000000,3157.648682,-3157.648682,-1043.353638,1043.353638
449.000000,3149.498047,-3149.498047,-1051.565308,1051.565308
450.000000,3141.360352,-3141.360352,-1059.763306,1059.763306
451.000000,3133.236328,-3133.236328,-1067.948242,1067.948242
452.000000,3125.125000,-3125.125000,-1076.120239,1076.120239
453.000000,3117.026855,-3117.026855,-1084.279053,1084.279053
454.000000,3108.942627,-3108.942627,-1092.425293,1092.425293
455.000000,3100.871094,-3100.871094,-1100.558228,1100.558228
456.000000,3092.813965,-3092.813965,-1108.678833,1108.678833
457.000000,3084.769531,-3084.769531,-1116.786865,1116.786865
458.000000,3076.738281,-3076.738281,-1124.881836,1124.881836
459.000000,3068.720703,-3068.720703,-1132.964722,1132.964722
460.000000,3060.716797,-3060.716797,-1141.034912,1141.034912
461.000000,3052.726074,-3052.726074,-1149.093750,1149.093750
462.000000,3044.749512,-3044.749512,-1157.140137,1157.140137
463.000000,3036.786133,-3036.786133,-1165.174072,1165.174072
464.000000,3028.836426,-3028.836426,-1173.196411,1173.196411
465.000000,3020.899902,-3020.899902,-1181.206543,1181.206543
466.000000,3012.976562,-3012.976562,-1189.205078,1189.205078
467.000000,3005.067383,-3005.067383,-1197.191895,1197.191895
468.000000,2997.171387,-2997.171387,-1205.166992,1205.166992
469.000000,2989.289307,-2989.289307,-1213.130737,1213.130737
470.000000,2981.420898,-2981.420898,-1221.082764,1221.082764
471.000000,2973.564941,-2973.564941,-1229.023804,1229.023804
472.000000,2965.722656,-2965.722656,-1236.952881,1236.952881
473.000000,2957.894531,-2957.894531,-1244.870605,1244.870605
474.000000,2950.078857,-2950.078857,-1252.777710,1252.777710
475.000000,2942.276855,-2942.276855,-1260.673584,1260.673584
476.000000,2934.487793,-2934.487793,-1268.558105,1268.558105
477.000000,2926.713135,-2926.713135,-1276.432251,1276.432251
478.000000,2918.950195,-2918.950195,-1284.295044,1284.295044
479.000000,2911.200684,-2911.200684,-1292.147095,1292.147095
480.000000,2903.465088,-2903.465088,-1299.988525,1299.988525
481.000000,2895.742188,-2895.742188,-1307.819336,1307.819336
482.000000,2888.032715,-2888.032715,-1315.639282,1315.639282
483.000000,2880.334961,-2880.334961,-1323.448975,1323.448975
484.000000,2872.651855,-2872.651855,-1331.248291,1331.248291
485.000000,2864.980469,-2864.980469,-1339.037231,1339.037231
486.000000,2857.322021,-2857.322021,-1346.815674,1346.815674
487.000000,2849.676270,-2849.676270,-1354.583984,1354.583984
488.000000,2842.042969,-2842.042969,-1362.342041,1362.342041
489.000000,2834.423828,-2834.423828,-1370.089600,1370.089600
490.000000,2826.815186,-2826.815186,-1377.827393,1377.827393
491.000000,2819.220703,-2819.220703,-1385.555298,1385.555298
492.000000,2811.638428,-2811.638428,-1393.273193,1393.273193
493.000000,2804.068115,-2804.068115,-1400.980713,1400.980713
494.000000,2796.509766,-2796.509766,-1408.678711,1408.678711
495.000000,2788.965088,-2788.965088,-1416.367310,1416.367310
496.000000,2781.431641,-2781.431641,-1424.045654,1424.045654
497.000000,2773.909424,-2773.909424,-1431.714600,1431.714600
498.000000,2766.400879,-2766.400879,-1439.373901,1439.373901
499.000000,2758.903809,-2758.903809,-1447.023804,1447.023804
500.000000,2751.419434,-2751.419434,-1454.663818,1454.663818
501.000000,2743.945801,-2743.945801,-1462.294312,1462.294312
502.000000,2736.484619,-2736.484619,-1469.915527,1469.915527
503.000000,2729.034180,-2729.034180,-1477.527832,1477.527832
504.000000,2721.595703,-2721.595703,-1485.130249,1485.130249
505.000000,2714.169922,-2714.169922,-1492.723755,1492.723755
506.000000,2706.755371,-2706.755371,-1500.308228,1500.308228
507.000000,2699.351562,-2699.351562,-1507.883545,1507.883545
508.000000,2691.959473,-2691.959473,-1515.449463,1515.449463
509.000000,2684.579590,-2684.579590,-1523.006348,1523.006348
510.000000,2677.209473,-2677.209473,-1530.554321,1530.554321
511.000000,2669.851562,-2669.851562,-1538.093506,1538.093506
512.000000,2662.504395,-2662.504395,-1545.623779,1545.623779
513.000000,2655.168945,-2655.168945,-1553.145020,1553.145020
514.000000,2647.843750,-2647.843750,-1560.657715,1560.657715
515.000000,2640.530273,-2640.530273,-1568.161255,1568.161255
516.000000,2633.227295,-2633.227295,-1575.655884,1575.655884
517.000000,2625.934570,-2625.934570,-1583.142578,1583.142578
518.000000,2618.653076,-2618.653076,-1590.620483,1590.620483
519.000000,2611.382324,-2611.382324,-1598.089478,1598.089478
520.000000,2604.122314,-2604.122314,-1605.550049,1605.550049
521.000000,2596.872559,-2596.872559,-1613.002197,1613.002197
522.000000,2589.633301,-2589.633301,-1620.445801,1620.445801
523.000000,2582.404541,-2582.404541,-1627.881104,1627.881104
524.000000,2575.186035,-2575.186035,-1635.307861,1635.307861
525.000000,2567.978027,-2567.978027,-1642.726685,1642.726685
526.000000,2560.779785,-2560.779785,-1650.136963,1650.136963
527.000000,2553.592773,-2553.592773,-1657.538818,1657.538818
528.000000,2546.415039,-2546.415039,-1664.932617,1664.932617
529.000000,2539.247070,-2539.247070,-1672.318115,1672.318115
530.000000,2532.088867,-2532.088867,-1679.695435,1679.695435
531.000000,2524.940918,-2524.940918,-1687.065186,1687.065186
532.000000,2517.802734,-2517.802734,-1694.426758,1694.426758
533.000000,2510.673828,-2510.673828,-1701.780273,1701.780273
534.000000,2503.555420,-2503.555420,-1709.125488,1709.125488
535.000000,2496.446289,-2496.446289,-1716.463135,1716.463135
536.000000,2489.347168,-2489.347168,-1723.792725,1723.792725
537.000000,2482.256348,-2482.256348,-1731.114380,1731.114380
538.000000,2475.176514,-2475.176514,-1738.428345,1738.428345
539.000000,2468.104736,-2468.104736,-1745.734375,1745.734375
540.000000,2461.043457,-2461.043457,-1753.032959,1753.032959
541.000000,2453.989746,-2453.989746,-1760.323730,1760.323730
542.000000,2446.946533,-2446.946533,-1767.606812,1767.606812
543.000000,2439.911865,-2439.911865,-1774.882324,1774.882324
544.000000,2432.887207,-2432.887207,-1782.150024,1782.150024
545.000000,2425.871094,-2425.871094,-1789.410522,1789.410522
546.000000,2418.863281,-2418.863281,-1796.663208,1796.663208
547.000000,2411.864746,-2411.864746,-1803.908447,1803.908447
548.000000,2404.875488,-2404.875488,-1811.146240,1811.146240
549.000000,2397.894775,-2397.894775,-1818.376709,1818.376709
550.000000,2390.923096,-2390.923096,-1825.599487,1825.599487
551.000000,2383.959473,-2383.959473,-1832.814941,1832.814941
552.000000,2377.004395,-2377.004395,-1840.023193,1840.023193
553.000000,2370.058838,-2370.058838,-1847.224121,1847.224121
554.000000,2363.121338,-2363.121338,-1854.417847,1854.417847
555.000000,2356.191406,-2356.191406,-1861.604248,1861.604248
556.000000,2349.270752,-2349.270752,-1868.783447,1868.783447
557.000000,2342.358398,-2342.358398,-1875.956177,1875.956177
558.000000,2335.453613,-2335.453613,-1883.121338,1883.121338
559.000000,2328.557617,-2328.557617,-1890.279419,1890.279419
560.000000,2321.669678,-2321.669678,-1897.430664,1897.430664
561.000000,2314.790039,-2314.790039,-1904.574585,1904.574585
562.000000,2307.918213,-2307.918213,-1911.711670,1911.711670
563.000000,2301.054199,-2301.054199,-1918.841675,1918.841675
564.000000,2294.198730,-2294.198730,-1925.964844,1925.964844
565.000000,2287.350830,-2287.350830,-1933.080811,1933.080811
566.000000,2280.510742,-2280.510742,-1940.190186,1940.190186
567.000000,2273.678223,-2273.678223,-1947.292725,1947.292725
568.000000,2266.854004,-2266.854004,-1954.388428,1954.388428
569.000000,2260.037598,-2260.037598,-1961.477417,1961.477417
570.000000,2253.228027,-2253.228027,-1968.559448,1968.559448
571.000000,2246.427246,-2246.427246,-1975.634521,1975.634521
572.000000,2239.633301,-2239.633301,-1982.703247,1982.703247
573.000000,2232.846924,-2232.846924,-1989.765259,1989.765259
574.000000,2226.067627,-2226.067627,-1996.820312,1996.820312
575.000000,2219.295654,-2219.295654,-2003.869263,2003.869263
576.000000,2212.531738,-2212.531738,-2010.911377,2010.911377
577.000000,2205.775146,-2205.775146,-2017.947266,2017.947266
578.000000,2199.025146,-2199.025146,-2024.976318,2024.976318
579.000000,2192.283691,-2192.283691,-2031.998901,2031.998901
580.000000,2185.548340,-2185.548340,-2039.015137,2039.015137
581.000000,2178.820312,-2178.820312,-2046.024658,2046.024658
582.000000,2172.099609,-2172.099609,-2053.027832,2053.027832
583.000000,2165.386719,-2165.386719,-2060.024902,2060.024902
584.000000,2158.680176,-2158.680176,-2067.015625,2067.015625
585.000000,2151.980469,-2151.980469,-2074.000000,2074.000000
586.000000,2145.287598,-2145.287598,-2080.978027,2080.978027
587.000000,2138.600342,-2138.600342,-2087.949707,2087.949707
588.000000,2131.921875,-2131.921875,-2094.915039,2094.915039
589.000000,2125.249512,-2125.249512,-2101.874512,2101.874512
590.000000,2118.583740,-2118.583740,-2108.827637,2108.827637
591.000000,2111.924805,-2111.924805,-2115.774658,2115.774658
592.000000,2105.272949,-2105.272949,-2122.715088,2122.715088
593.000000,2098.627441,-2098.627441,-2129.649414,2129.649414
594.000000,2091.987549,-2091.987549,-2136.577881,2136.577881
595.000000,2085.355225,-2085.355225,-2143.500244,2143.500244
596.000000,2078.729492,-2078.729492,-2150.416504,2150.416504
597.000000,2072.109863,-2072.109863,-2157.326660,2157.326660
598.000000,2065.497070,-2065.497070,-2164.230957,2164.230957
599.000000,2058.890381,-2058.890381,-2171.129150,2171.129150
600.000000,2052.290039,-2052.290039,-2178.021973,2178.021973
601.000000,2045.696411,-2045.696411,-2184.908203,2184.908203
602.000000,2039.107788,-2039.107788,-2191.789062,2191.789062
603.000000,2032.526367,-2032.526367,-2198.664062,2198.664062
604.000000,2025.951172,-2025.951172,-2205.532715,2205.532715
605.000000,2019.381958,-2019.381958,-2212.396240,2212.396240
606.000000,2012.818848,-2012.818848,-2219.253662,2219.253662
607.000000,2006.261719,-2006.261719,-2226.105225,2226.105225
608.000000,1999.710815,-1999.710815,-2232.951172,2232.951172
609.000000,1993.165771,-1993.165771,-2239.791504,2239.791504
610.000000,1986.627075,-1986.627075,-2246.626465,2246.626465
611.000000,1980.094116,-1980.094116,-2253.455322,2253.455322
612.000000,1973.567017,-1973.567017,-2260.278564,2260.278564
613.000000,1967.045898,-1967.045898,-2267.096191,2267.096191
614.000000,1960.530762,-1960.530762,-2273.907959,2273.907959
615.000000,1954.020996,-1954.020996,-2280.714355,2280.714355
616.000000,1947.517456,-1947.517456,-2287.515137,2287.515137
617.000000,1941.019043,-1941.019043,-2294.310303,2294.310303
618.000000,1934.526367,-1934.526367,-2301.100098,2301.100098
619.000000,1928.039795,-1928.039795,-2307.884766,2307.884766
620.000000,1921.559692,-1921.559692,-2314.663574,2314.663574
621.000000,1915.083374,-1915.083374,-2321.437012,2321.437012
622.000000,1908.613525,-1908.613525,-2328.205078,2328.205078
623.000000,1902.149414,-1902.149414,-2334.967773,2334.967773
624.000000,1895.690063,-1895.690063,-2341.725098,2341.725098
625.000000,1889.236572,-1889.236572,-2348.477295,2348.477295
626.000000,1882.788574,-1882.788574,-2355.223633,2355.223633
627.000000,1876.345459,-1876.345459,-2361.965088,2361.965088
628.000000,1869.908081,-1869.908081,-2368.701172,2368.701172
629.000000,1863.477051,-1863.477051,-2375.431641,2375.431641
630.000000,1857.049805,-1857.049805,-2382.157227,2382.157227
631.000000,1850.628296,-1850.628296,-2388.877197,2388.877197
632.000000,1844.212402,-1844.212402,-2395.592773,2395.592773
633.000000,1837.801636,-1837.801636,-2402.302490,2402.302490
634.000000,1831.396118,-1831.396118,-2409.007324,2409.007324
635.000000,1824.995117,-1824.995117,-2415.707031,2415.707031
636.000000,1818.599609,-1818.599609,-2422.401855,2422.401855
637.000000,1812.209473,-1812.209473,-2429.091309,2429.091309
638.000000,1805.822998,-1805.822998,-2435.775879,2435.775879
639.000000,1799.443848,-1799.443848,-2442.455078,2442.455078
640.000000,1793.068726,-1793.068726,-2449.129395,2449.129395
641.000000,1786.698486,-1786.698486,-2455.798828,2455.798828
642.000000,1780.333008,-1780.333008,-2462.462891,2462.462891
643.000000,1773.972168,-1773.972168,-2469.122559,2469.122559
644.000000,1767.617676,-1767.617676,-2475.776855,2475.776855
645.000000,1761.265869,-1761.265869,-2482.426270,2482.426270
646.000000,1754.920166,-1754.920166,-2489.070801,2489.070801
647.000000,1748.579590,-1748.579590,-2495.710693,2495.710693
648.000000,1742.243652,-1742.243652,-2502.345459,2502.345459
649.000000,1735.912109,-1735.912109,-2508.975586,2508.975586
650.000000,1729.586182,-1729.586182,-2515.601074,2515.601074
651.000000,1723.264038,-1723.264038,-2522.221191,2522.221191
652.000000,1716.947144,-1716.947144,-2528.836670,2528.836670
653.000000,1710.634277,-1710.634277,-2535.447266,2535.447266
654.000000,1704.326660,-1704.326660,-2542.052979,2542.052979
655.000000,1698.023193,-1698.023193,-2548.654785,2548.654785
656.000000,1691.724365,-1691.724365,-2555.251221,2555.251221
657.000000,1685.430786,-1685.430786,-2561.843018,2561.843018
658.000000,1679.140259,-1679.140259,-2568.430176,2568.430176
659.000000,1672.855469,-1672.855469,-2575.012939,2575.012939
660.000000,1666.575439,-1666.575439,-2581.591064,2581.591064
661.000000,1660.299072,-1660.299072,-2588.164307,2588.164307
662.000000,1654.026367,-1654.026367,-2594.732910,2594.732910
663.000000,1647.759033,-1647.759033,-2601.296875,2601.296875
664.000000,1641.495850,-1641.495850,-2607.856201,2607.856201
665.000000,1635.237061,-1635.237061,-2614.411133,2614.411133
666.000000,1628.983643,-1628.983643,-2620.961670,2620.961670
667.000000,1622.732910,-1622.732910,-2627.507812,2627.507812
668.000000,1616.486816,-1616.486816,-2634.048828,2634.048828
669.000000,1610.245483,-1610.245483,-2640.585938,2640.585938
670.000000,1604.009521,-1604.009521,-2647.118652,2647.118652
671.000000,1597.776367,-1597.776367,-2653.646484,2653.646484
672.000000,1591.547119,-1591.547119,-2660.170166,2660.170166
673.000000,1585.322754,-1585.322754,-2666.689453,2666.689453
674.000000,1579.102661,-1579.102661,-2673.204102,2673.204102
675.000000,1572.885498,-1572.885498,-2679.714355,2679.714355
676.000000,1566.673584,-1566.673584,-2686.220703,2686.220703
677.000000,1560.465210,-1560.465210,-2692.722168,2692.722168
678.000000,1554.261963,-1554.261963,-2699.219727,2699.219727
679.000000,1548.062012,-1548.062012,-2705.712646,2705.712646
680.000000,1541.865967,-1541.865967,-2712.201660,2712.201660
681.000000,1535.674316,-1535.674316,-2718.686035,2718.686035
682.000000,1529.486084,-1529.486084,-2725.166504,2725.166504
683.000000,1523.301758,-1523.301758,-2731.642822,2731.642822
684.000000,1517.122192,-1517.122192,-2738.114746,2738.114746
685.000000,1510.945801,-1510.945801,-2744.582520,2744.582520
686.000000,1504.773193,-1504.773193,-2751.045654,2751.045654
687.000000,1498.604248,-1498.604248,-2757.504883,2757.504883
688.000000,1492.440674,-1492.440674,-2763.959717,2763.959717
689.000000,1486.279541,-1486.279541,-2770.410645,2770.410645
690.000000,1480.122070,-1480.122070,-2776.857422,2776.857422
691.000000,1473.968872,-1473.968872,-2783.300049,2783.300049
692.000000,1467.819946,-1467.819946,-2789.738770,2789.738770
693.000000,1461.674194,-1461.674194,-2796.173340,2796.173340
694.000000,1455.533081,-1455.533081,-2802.603760,2802.603760
695.000000,1449.393677,-1449.393677,-2809.030273,2809.030273
696.000000,1443.259033,-1443.259033,-2815.452637,2815.452637
697.000000,1437.127930,-1437.127930,-2821.871094,2821.871094
698.000000,1431.001221,-1431.001221,-2828.285400,2828.285400
699.000000,1424.877441,-1424.877441,-2834.695801,2834.695801
700.000000,1418.758423,-1418.758423,-2841.102295,2841.102295
701.000000,1412.641846,-1412.641846,-2847.504395,2847.504395
702.000000,1406.529175,-1406.529175,-2853.902832,2853.902832
703.000000,1400.420166,-1400.420166,-2860.297852,2860.297852
704.000000,1394.314209,-1394.314209,-2866.688477,2866.688477
705.000000,1388.212646,-1388.212646,-2873.074951,2873.074951
706.000000,1382.114502,-1382.114502,-2879.458008,2879.458008
707.000000,1376.019043,-1376.019043,-2885.836914,2885.836914
708.000000,1369.927734,-1369.927734,-2892.212402,2892.212402
709.000000,1363.839600,-1363.839600,-2898.583496,2898.583496
710.000000,1357.754395,-1357.754395,-2904.951172,2904.951172
711.000000,1351.673462,-1351.673462,-2911.315186,2911.315186
712.000000,1345.596069,-1345.596069,-2917.675049,2917.675049
713.000000,1339.521606,-1339.521606,-2924.030762,2924.030762
714.000000,1333.449951,-1333.449951,-2930.383301,2930.383301
715.000000,1327.383057,-1327.383057,-2936.731689,2936.731689
716.000000,1321.317627,-1321.317627,-2943.076660,2943.076660
717.000000,1315.256714,-1315.256714,-2949.417480,2949.417480
718.000000,1309.198242,-1309.198242,-2955.754883,2955.754883
719.000000,1303.144043,-1303.144043,-2962.088867,2962.088867
720.000000,1297.093018,-1297.093018,-2968.418701,2968.418701
721.000000,1291.045166,-1291.045166,-2974.745361,2974.745361
722.000000,1285.000244,-1285.000244,-2981.067871,2981.067871
723.000000,1278.959229,-1278.959229,-2987.386719,2987.386719
724.000000,1272.920410,-1272.920410,-2993.702148,2993.702148
725.000000,1266.885254,-1266.885254,-3000.014404,3000.014404
726.000000,1260.853516,-1260.853516,-3006.322754,3006.322754
727.000000,1254.824219,-1254.824219,-3012.627686,3012.627686
728.000000,1248.798828,-1248.798828,-3018.928711,3018.928711
729.000000,1242.776245,-1242.776245,-3025.226318,3025.226318
730.000000,1236.756958,-1236.756958,-3031.520508,3031.520508
731.000000,1230.740723,-1230.740723,-3037.810791,3037.810791
732.000000,1224.727417,-1224.727417,-3044.097656,3044.097656
733.000000,1218.716797,-1218.716797,-3050.381104,3050.381104
734.000000,1212.709351,-1212.709351,-3056.660645,3056.660645
735.000000,1206.705811,-1206.705811,-3062.937012,3062.937012
736.000000,1200.704468,-1200.704468,-3069.209961,3069.209961
737.000000,1194.706787,-1194.706787,-3075.479492,3075.479492
738.000000,1188.712646,-1188.712646,-3081.745361,3081.745361
739.000000,1182.720703,-1182.720703,-3088.008301,3088.008301
740.000000,1176.731812,-1176.731812,-3094.267578,3094.267578
741.000000,1170.745483,-1170.745483,-3100.523438,3100.523438
742.000000,1164.761475,-1164.761475,-3106.775635,3106.775635
743.000000,1158.781616,-1158.781616,-3113.024658,3113.024658
744.000000,1152.804199,-1152.804199,-3119.270508,3119.270508
745.000000,1146.829712,-1146.829712,-3125.512695,3125.512695
746.000000,1140.857300,-1140.857300,-3131.751465,3131.751465
747.000000,1134.888916,-1134.888916,-3137.987305,3137.987305
748.000000,1128.922974,-1128.922974,-3144.219727,3144.219727
749.000000,1122.959717,-1122.959717,-3150.448730,3150.448730
750.000000,1116.999023,-1116.999023,-3156.674805,3156.674805
751.000000,1111.042236,-1111.042236,-3162.897461,3162.897461
752.000000,1105.087646,-1105.087646,-3169.116943,3169.116943
753.000000,1099.135498,-1099.135498,-3175.333008,3175.333008
754.000000,1093.187500,-1093.187500,-3181.545410,3181.545410
755.000000,1087.240356,-1087.240356,-3187.754883,3187.754883
756.000000,1081.296997,-1081.296997,-3193.961182,3193.961182
757.000000,1075.356934,-1075.356934,-3200.164307,3200.164307
758.000000,1069.418945,-1069.418945,-3206.364258,3206.364258
759.000000,1063.483154,-1063.483154,-3212.561035,3212.561035
760.000000,1057.550781,-1057.550781,-3218.754639,3218.754639
761.000000,1051.620361,-1051.620361,-3224.944824,3224.944824
762.000000,1045.694214,-1045.694214,-3231.131836,3231.131836
763.000000,1039.769409,-1039.769409,-3237.315430,3237.315430
764.000000,1033.847168,-1033.847168,-3243.496582,3243.496582
765.000000,1027.926270,-1027.926270,-3249.674316,3249.674316
766.000000,1022.009766,-1022.009766,-3255.848633,3255.848633
767.000000,1016.095825,-1016.095825,-3262.020020,3262.020020
768.000000,1010.184326,-1010.184326,-3268.188477,3268.188477
769.000000,1004.275574,-1004.275574,-3274.354004,3274.354004
770.000000,998.369324,-998.369324,-3280.516113,3280.516113
771.000000,992.465820,-992.465820,-3286.675293,3286.675293
772.000000,986.563904,-986.563904,-3292.831543,3292.831543
773.000000,980.665039,-980.665039,-3298.984619,3298.984619
774.000000,974.768677,-974.768677,-3305.134766,3305.134766
775.000000,968.874512,-968.874512,-3311.281982,3311.281982
776.000000,962.983948,-962.983948,-3317.426025,3317.426025
777.000000,957.095459,-957.095459,-3323.567139,3323.567139
778.000000,951.208984,-951.208984,-3329.705322,3329.705322
779.000000,945.325439,-945.325439,-3335.840332,3335.840332
780.000000,939.443970,-939.443970,-3341.972656,3341.972656
781.000000,933.564575,-933.564575,-3348.101562,3348.101562
782.000000,927.689209,-927.689209,-3354.228027,3354.228027
783.000000,921.814331,-921.814331,-3360.351318,3360.351318
784.000000,915.943298,-915.943298,-3366.471680,3366.471680
785.000000,910.073730,-910.073730,-3372.589355,3372.589355
786.000000,904.206421,-904.206421,-3378.704346,3378.704346
787.000000,898.342590,-898.342590,-3384.816406,3384.816406
788.000000,892.480896,-892.480896,-3390.925293,3390.925293
789.000000,886.620667,-886.620667,-3397.031738,3397.031738
790.000000,880.762939,-880.762939,-3403.134766,3403.134766
791.000000,874.908813,-874.908813,-3409.235352,3409.235352
792.000000,869.055115,-869.055115,-3415.333008,3415.333008
793.000000,863.205017,-863.205017,-3421.427734,3421.427734
794.000000,857.357605,-857.357605,-3427.519531,3427.519531
795.000000,851.511902,-851.511902,-3433.608643,3433.608643
796.000000,845.667603,-845.667603,-3439.694824,3439.694824
797.000000,839.827148,-839.827148,-3445.778809,3445.778809
798.000000,833.988525,-833.988525,-3451.859375,3451.859375
799.000000,828.150574,-828.150574,-3457.937500,3457.937500
800.000000,822.316772,-822.316772,-3464.012695,3464.012695
801.000000,816.484497,-816.484497,-3470.085693,3470.085693
802.000000,810.654297,-810.654297,-3476.155029,3476.155029
803.000000,804.827087,-804.827087,-3482.222168,3482.222168
804.000000,799.001831,-799.001831,-3488.286377,3488.286377
805.000000,793.178589,-793.178589,-3494.348145,3494.348145
806.000000,787.356323,-787.356323,-3500.406738,3500.406738
807.000000,781.538147,-781.538147,-3506.462646,3506.462646
808.000000,775.721191,-775.721191,-3512.516113,3512.516113
809.000000,769.906372,-769.906372,-3518.566895,3518.566895
810.000000,764.093750,-764.093750,-3524.614990,3524.614990
811.000000,758.283447,-758.283447,-3530.660400,3530.660400
812.000000,752.474243,-752.474243,-3536.703369,3536.703369
813.000000,746.668579,-746.668579,-3542.743164,3542.743164
814.000000,740.864014,-740.864014,-3548.780762,3548.780762
815.000000,735.061951,-735.061951,-3554.815674,3554.815674
816.000000,729.262451,-729.262451,-3560.848633,3560.848633
817.000000,723.464233,-723.464233,-3566.878174,3566.878174
818.000000,717.668457,-717.668457,-3572.905762,3572.905762
819.000000,711.875366,-711.875366,-3578.930176,3578.930176
820.000000,706.083923,-706.083923,-3584.952393,3584.952393
821.000000,700.294800,-700.294800,-3590.971680,3590.971680
822.000000,694.507385,-694.507385,-3596.988281,3596.988281
823.000000,688.721680,-688.721680,-3603.002686,3603.002686
824.000000,682.938660,-682.938660,-3609.014404,3609.014404
825.000000,677.156189,-677.156189,-3615.023682,3615.023682
826.000000,671.376587,-671.376587,-3621.030273,3621.030273
827.000000,665.599976,-665.599976,-3627.034180,3627.034180
828.000000,659.825256,-659.825256,-3633.035889,3633.035889
829.000000,654.050842,-654.050842,-3639.035645,3639.035645
830.000000,648.278687,-648.278687,-3645.032227,3645.032227
831.000000,642.509583,-642.509583,-3651.026855,3651.026855
832.000000,636.742065,-636.742065,-3657.018311,3657.018311
833.000000,630.976929,-630.976929,-3663.007568,3663.007568
834.000000,625.213623,-625.213623,-3668.994629,3668.994629
835.000000,619.450195,-619.450195,-3674.979004,3674.979004
836.000000,613.691040,-613.691040,-3680.960938,3680.960938
837.000000,607.934082,-607.934082,-3686.940186,3686.940186
838.000000,602.177185,-602.177185,-3692.917480,3692.917480
839.000000,596.423645,-596.423645,-3698.892090,3698.892090
840.000000,590.671143,-590.671143,-3704.864258,3704.864258
841.000000,584.920898,-584.920898,-3710.834229,3710.834229
842.000000,579.171692,-579.171692,-3716.802002,3716.802002
843.000000,573.425049,-573.425049,-3722.767090,3722.767090
844.000000,567.680847,-567.680847,-3728.729736,3728.729736
845.000000,561.937988,-561.937988,-3734.689941,3734.689941
846.000000,556.196411,-556.196411,-3740.647949,3740.647949
847.000000,550.457275,-550.457275,-3746.603516,3746.603516
848.000000,544.719421,-544.719421,-3752.557129,3752.557129
849.000000,538.984375,-538.984375,-3758.508057,3758.508057
850.000000,533.250793,-533.250793,-3764.456543,3764.456543
851.000000,527.518738,-527.518738,-3770.402832,3770.402832
852.000000,521.787964,-521.787964,-3776.346924,3776.346924
853.000000,516.060303,-516.060303,-3782.288818,3782.288818
854.000000,510.332947,-510.332947,-3788.228271,3788.228271
855.000000,504.607117,-504.607117,-3794.165527,3794.165527
856.000000,498.885529,-498.885529,-3800.100098,3800.100098
857.000000,493.164398,-493.164398,-3806.032715,3806.032715
858.000000,487.445038,-487.445038,-3811.962891,3811.962891
859.000000,481.726196,-481.726196,-3817.890625,3817.890625
860.000000,476.011780,-476.011780,-3823.816650,3823.816650
861.000000,470.296570,-470.296570,-3829.739990,3829.739990
862.000000,464.583527,-464.583527,-3835.661377,3835.661377
863.000000,458.872406,-458.872406,-3841.580566,3841.580566
864.000000,453.163269,-453.163269,-3847.497314,3847.497314
865.000000,447.457245,-447.457245,-3853.411621,3853.411621
866.000000,441.750854,-441.750854,-3859.323975,3859.323975
867.000000,436.045288,-436.045288,-3865.234131,3865.234131
868.000000,430.343201,-430.343201,-3871.141846,3871.141846
869.000000,424.643158,-424.643158,-3877.048096,3877.048096
870.000000,418.944031,-418.944031,-3882.951660,3882.951660
871.000000,413.247162,-413.247162,-3888.853027,3888.853027
872.000000,407.550598,-407.550598,-3894.752441,3894.752441
873.000000,401.856903,-401.856903,-3900.649170,3900.649170
874.000000,396.164673,-396.164673,-3906.543945,3906.543945
875.000000,390.473663,-390.473663,-3912.437012,3912.437012
876.000000,384.784851,-384.784851,-3918.327881,3918.327881
877.000000,379.097351,-379.097351,-3924.216309,3924.216309
878.000000,373.411133,-373.411133,-3930.102783,3930.102783
879.000000,367.726074,-367.726074,-3935.986816,3935.986816
880.000000,362.043732,-362.043732,-3941.868896,3941.868896
881.000000,356.362793,-356.362793,-3947.749023,3947.749023
882.000000,350.682983,-350.682983,-3953.626953,3953.626953
883.000000,345.004883,-345.004883,-3959.502930,3959.502930
884.000000,339.329407,-339.329407,-3965.376465,3965.376465
885.000000,333.653870,-333.653870,-3971.248291,3971.248291
886.000000,327.980164,-327.980164,-3977.117676,3977.117676
887.000000,322.309387,-322.309387,-3982.985107,3982.985107
888.000000,316.638733,-316.638733,-3988.850586,3988.850586
889.000000,310.969757,-310.969757,-3994.714355,3994.714355
890.000000,305.303650,-305.303650,-4000.575684,4000.575684
891.000000,299.638123,-299.638123,-4006.435059,4006.435059
892.000000,293.974487,-293.974487,-4012.291992,4012.291992
893.000000,288.312195,-288.312195,-4018.146973,4018.146973
894.000000,282.650848,-282.650848,-4024.000488,4024.000488
895.000000,276.990967,-276.990967,-4029.852051,4029.852051
896.000000,271.333191,-271.333191,-4035.701172,4035.701172
897.000000,265.677246,-265.677246,-4041.548340,4041.548340
898.000000,260.023499,-260.023499,-4047.393555,4047.393555
899.000000,254.368561,-254.368561,-4053.236328,4053.236328
900.000000,248.717377,-248.717377,-4059.077637,4059.077637
901.000000,243.066803,-243.066803,-4064.916992,4064.916992
902.000000,237.418274,-237.418274,-4070.754395,4070.754395
903.000000,231.769577,-231.769577,-4076.589355,4076.589355
904.000000,226.124100,-226.124100,-4082.423096,4082.423096
905.000000,220.479477,-220.479477,-4088.254395,4088.254395
906.000000,214.837006,-214.837006,-4094.083984,4094.083984
907.000000,209.194275,-209.194275,-4099.912109,4099.912109
908.000000,203.554001,-203.554001,-4105.736816,4105.736816
909.000000,197.914413,-197.914413,-4111.560547,4111.560547
910.000000,192.278748,-192.278748,-4117.382812,4117.382812
911.000000,186.641205,-186.641205,-4123.202637,4123.202637
912.000000,181.006500,-181.006500,-4129.020508,4129.020508
913.000000,175.374176,-175.374176,-4134.836426,4134.836426
914.000000,169.742706,-169.742706,-4140.650391,4140.650391
915.000000,164.113083,-164.113083,-4146.462891,4146.462891
916.000000,158.482758,-158.482758,-4152.272949,4152.272949
917.000000,152.855194,-152.855194,-4158.081055,4158.081055
918.000000,147.229065,-147.229065,-4163.887695,4163.887695
919.000000,141.602478,-141.602478,-4169.692383,4169.692383
920.000000,135.978943,-135.978943,-4175.495605,4175.495605
921.000000,130.358566,-130.358566,-4181.296387,4181.296387
922.000000,124.737625,-124.737625,-4187.095703,4187.095703
923.000000,119.118721,-119.118721,-4192.892578,4192.892578
924.000000,113.500854,-113.500854,-4198.687988,4198.687988
925.000000,107.883255,-107.883255,-4204.481445,4204.481445
926.000000,102.268600,-102.268600,-4210.273438,4210.273438
927.000000,96.654274,-96.654274,-4216.062988,4216.062988
928.000000,91.042923,-91.042923,-4221.851074,4221.851074
929.000000,85.430588,-85.430588,-4227.637207,4227.637207
930.000000,79.821251,-79.821251,-4233.421875,4233.421875
931.000000,74.212212,-74.212212,-4239.204102,4239.204102
932.000000,68.604782,-68.604782,-4244.984863,4244.984863
933.000000,62.999390,-62.999390,-4250.764160,4250.764160
934.000000,57.394306,-57.394306,-4256.541016,4256.541016
935.000000,51.789661,-51.789661,-4262.316895,4262.316895
936.000000,46.188560,-46.188560,-4268.090332,4268.090332
937.000000,40.587952,-40.587952,-4273.862305,4273.862305
938.000000,34.987713,-34.987713,-4279.632324,4279.632324
939.000000,29.389698,-29.389698,-4285.400391,4285.400391
940.000000,23.792082,-23.792082,-4291.166992,4291.166992
941.000000,18.196573,-18.196573,-4296.931641,4296.931641
942.000000,12.603336,-12.603336,-4302.695312,4302.695312
943.000000,7.009194,-7.009194,-4308.456543,4308.456543
944.000000,1.417242,-1.417242,-4314.216309,4314.216309
945.000000,-4.173773,4.173773,-4319.973633,4319.973633
946.000000,-9.762731,9.762731,-4325.730469,4325.730469
947.000000,-15.352196,15.352196,-4331.484863,4331.484863
948.000000,-20.937979,20.937979,-4337.238281,4337.238281
949.000000,nan,nan,-4342.988770,4342.988770
950.000000,nan,nan,-4348.737793,4348.737793
951.000000,nan,nan,-4354.485352,4354.485352
952.000000,nan,nan,-4360.231445,4360.231445
953.000000,nan,nan,-4365.975586,4365.975586
954.000000,nan,nan,-4371.717773,4371.717773
955.000000,nan,nan,-4377.459473,4377.459473
956.000000,nan,nan,-4383.198242,4383.198242
957.000000,nan,nan,-4388.935547,4388.935547
958.000000,nan,nan,-4394.671875,4394.671875
959.000000,nan,nan,-4400.405762,4400.405762
960.000000,nan,nan,-4406.138184,4406.138184
961.000000,nan,nan,-4411.868652,4411.868652
962.000000,nan,nan,-4417.598145,4417.598145
963.000000,nan,nan,-4423.325195,4423.325195
964.000000,nan,nan,-4429.051758,4429.051758
965.000000,nan,nan,-4434.775391,4434.775391
966.000000,nan,nan,-4440.498535,4440.498535
967.000000,nan,nan,-4446.219727,4446.219727
968.000000,nan,nan,-4451.938477,4451.938477
969.000000,nan,nan,-4457.656738,4457.656738
970.000000,nan,nan,-4463.373047,4463.373047
971.000000,nan,nan,-4469.087402,4469.087402
972.000000,nan,nan,-4474.800293,4474.800293
973.000000,nan,nan,-4480.511719,4480.511719
974.000000,nan,nan,-4486.221680,4486.221680
975.000000,nan,nan,-4491.929199,4491.929199
976.000000,nan,nan,-4497.636230,4497.636230
977.000000,nan,nan,-4503.340820,4503.340820
978.000000,nan,nan,-4509.044922,4509.044922
979.000000,nan,nan,-4514.746094,4514.746094
980.000000,nan,nan,-4520.446777,4520.446777
981.000000,nan,nan,-4526.145508,4526.145508
982.000000,nan,nan,-4531.842773,4531.842773
983.000000,nan,nan,-4537.538086,4537.538086
984.000000,nan,nan,-4543.232422,4543.232422
985.000000,nan,nan,-4548.924805,4548.924805
986.000000,nan,nan,-4554.616211,4554.616211
987.000000,nan,nan,-4560.305664,4560.305664
988.000000,nan,nan,-4565.993164,4565.993164
989.000000,nan,nan,-4571.679688,4571.679688
990.000000,nan,nan,-4577.364746,4577.364746
991.000000,nan,nan,-4583.047852,4583.047852
992.000000,nan,nan,-4588.729492,4588.729492
993.000000,nan,nan,-4594.410156,4594.410156
994.000000,nan,nan,-4600.088867,4600.088867
995.000000,nan,nan,-4605.766113,4605.766113
996.000000,nan,nan,-4611.442383,4611.442383
997.000000,nan,nan,-4617.116211,4617.116211
998.000000,nan,nan,-4622.789062,4622.789062
999.000000,nan,nan,-4628.460938,4628.460938
